{"cameraMode":{"drawMode":0,"name":"Shaded","section":"Shading Mode"},"sceneLighting":false,"audioPlay":false,"sceneViewState":{"m_AlwaysRefresh":false,"showFog":true,"showSkybox":false,"showFlares":true,"showImageEffects":true,"showParticleSystems":true,"showVisualEffectGraphs":true,"m_FxEnabled":true},"in2DMode":false,"pivot":{"x":0.11266517639160156,"y":-0.7899096012115479,"z":-1.7988767623901368},"rotation":{"x":-0.08399996161460877,"y":0.9067826271057129,"z":-0.2164434939622879,"w":-0.3519150912761688},"size":3.5660252571105959,"orthographic":false}